-- AABW Cue seed data. Generated by packages/ingest/src/seed/run.ts.
-- Do not edit by hand; re-run `bun run seed` to regenerate.

DELETE FROM venues;
INSERT INTO venues (id, name, address, city, country, lat, lng, map_url, image_url) VALUES ('tasco-office', 'Tasco Office', 'TBC, HCMC', 'Ho Chi Minh City', 'Vietnam', 10.824298548535092, 106.62998121126604, 'https://www.google.com/maps/search/?api=1&query=10.824298548535092%2C106.62998121126604', '/venues/tasco-office.webp');
INSERT INTO venues (id, name, address, city, country, lat, lng, map_url, image_url) VALUES ('aws-office-bitexco-tower', 'AWS Office, Bitexco Tower', 'AWS Office, Bitexco Tower', 'Ho Chi Minh City', 'Vietnam', NULL, NULL, NULL, '/venues/aws-office.webp');
INSERT INTO venues (id, name, address, city, country, lat, lng, map_url, image_url) VALUES ('vng-campus', 'VNG Campus', 'VNG Group JSC, Ho Chi Minh', 'Ho Chi Minh City', 'Vietnam', 10.75730637936679, 106.74442982072918, 'https://www.google.com/maps/search/?api=1&query=10.75730637936679%2C106.74442982072918', '/venues/vng-campus.webp');
INSERT INTO venues (id, name, address, city, country, lat, lng, map_url, image_url) VALUES ('galaxy-innovation-park', 'Galaxy Innovation Park', 'Ho Chi Minh City', 'Ho Chi Minh City', 'Vietnam', 10.8230989, 106.62966379999999, 'https://www.google.com/maps/search/?api=1&query=10.8230989%2C106.62966379999999&query_place_id=ChIJ0T2NLikpdTERKxE8d61aX_E', '/venues/galaxy-innovation-park.webp');

DELETE FROM sessions;
INSERT INTO sessions (id, title, day, day_number, day_theme, starts_at, ends_at, start_time_label, end_time_label, venue_id, partner, track, type, tone, description, speakers, requirements, registration_url, tags, quality_level, source_url, cover_image) VALUES ('day01-registration-welcome', 'Registration & Welcome', '2026-07-08', 1, 'Enable', 1783476000000, NULL, '09:00', NULL, 'tasco-office', NULL, 'Enable', 'administrative', 'break', NULL, '[]', '[]', NULL, '[]', 'summary_only', 'https://agenticaibuildweek.genaifund.ai/#daily_schedule', NULL);
INSERT INTO sessions (id, title, day, day_number, day_theme, starts_at, ends_at, start_time_label, end_time_label, venue_id, partner, track, type, tone, description, speakers, requirements, registration_url, tags, quality_level, source_url, cover_image) VALUES ('day01-byteplus', 'Render the Next Era of Creation with BytePlus AI Stack', '2026-07-08', 1, 'Enable', 1783479600000, 1783486800000, '10:00', '12:00', 'tasco-office', 'BytePlus', 'Enable', 'workshop', 'workshop', 'The AI stack you ship on is about to change. **BytePlus** — ByteDance''s enterprise AI arm — is opening the hood on the tools their own teams use to build at scale, live in Ho Chi Minh City as part of Agentic AI Build Week.

This is hands-on and builder-first. Come build, not just watch.

 **What you''ll take away**

- A working view of the BytePlus AI stack — from idea to shipped AI product, faster

- Practical patterns you can put to work the same week during the hackathon

- For qualifying startups: a path into the **V-START Global Accelerator** (up to **$15,000** in AI & cloud credits)

 **Your speakers**

- **Vu Tien Hung** — Senior Manager, Enterprise Sector, BytePlus

- **Lam Thao** — Solution Architect, BytePlus

- **Tran Quoc Huy** — Enterprise Sales Manager, BytePlus

 **Event details**

- 📅 Tuesday, July 8, 2026

- 🕐 10:00 AM – 12:00 PM (Indochina Time, GMT+7)

- 📍 TBC, HCMC

- 🎟 Part of Agentic AI Build Week (July 8–12, 2026)

- ✅ Private event · approval required · limited seats

 **Before you apply:** You must be registered for Agentic AI Build Week — [👉 Register for Agentic AI Build Week](https://luma.com/gaf-hm61) if you haven''t yet. Seats are prioritised for Builder & Founding Builder ticket holders, so don''t forget to [🚀 Sign up for the AABW Buildathon on Devpost](https://agentic-ai-build-week-2026.devpost.com/?utm_source=luma).

 **👉 Apply now to request your seat. Approval required, and seats are filling fast.**', '["Vu Tien Hung — Senior Manager, Enterprise Sector, BytePlus","Lam Thao — Solution Architect, BytePlus","Tran Quoc Huy — Enterprise Sales Manager, BytePlus"]', '["Must be registered for Agentic AI Build Week","Seats are prioritised for Builder or Founding Builder ticket holders","AABW Buildathon Devpost signup is recommended","Private event; approval required; limited seats"]', 'https://luma.com/gaf-vbkf', '[]', 'full', 'https://agenticaibuildweek.genaifund.ai/#daily_schedule', '/covers/day01-byteplus.png');
INSERT INTO sessions (id, title, day, day_number, day_theme, starts_at, ends_at, start_time_label, end_time_label, venue_id, partner, track, type, tone, description, speakers, requirements, registration_url, tags, quality_level, source_url, cover_image) VALUES ('day01-lunch', 'Lunch', '2026-07-08', 1, 'Enable', 1783486800000, NULL, '12:00', NULL, 'tasco-office', NULL, 'Enable', 'break', 'break', NULL, '[]', '[]', NULL, '[]', 'summary_only', 'https://agenticaibuildweek.genaifund.ai/#daily_schedule', NULL);
INSERT INTO sessions (id, title, day, day_number, day_theme, starts_at, ends_at, start_time_label, end_time_label, venue_id, partner, track, type, tone, description, speakers, requirements, registration_url, tags, quality_level, source_url, cover_image) VALUES ('day01-nvidia', 'Inside NVIDIA Inception Program: How Startups Build & Scale AI Globally', '2026-07-08', 1, 'Enable', 1783494000000, 1783496700000, '14:00', '14:45', 'tasco-office', 'NVIDIA', 'Enable', 'workshop', 'workshop', 'Every serious AI startup eventually hits the same wall: compute, capital, and connections. **NVIDIA Inception** exists to knock it down — and in 45 focused minutes, you''ll learn exactly how.

 **What you''ll take away**

- The real map from prototype to production with NVIDIA

- Technical resources, startup-friendly offers, investor access, and go-to-market support members tap into

- A **free NVIDIA DLI course** for every participant

 **Your speaker**

- **Jason Pham** — NVIDIA Inception Community Manager, Southeast Asia — the person who connects the region''s AI startups to the NVIDIA ecosystem

 **Event details**

- 📅 Tuesday, July 8, 2026

- 🕐 2:00 PM – 2:45 PM (Indochina Time, GMT+7)

- 📍 Ho Chi Minh City, Vietnam — exact venue confirmed closer to the date

- 🎟 Part of Agentic AI Build Week (July 8–12, 2026)

- ✅ Private event · approval required · limited seats

 **Before you apply:** You must be registered for Agentic AI Build Week — **[👉 Register for Agentic AI Build Week](https://luma.com/gaf-hm61)** if you haven''t yet. Seats are prioritised for Builder & Founding Builder ticket holders, so don''t forget to **[🚀 Sign up for the AABW Buildathon on Devpost](https://agentic-ai-build-week-2026.devpost.com/?utm_source=luma)** **.**

 **👉 Apply now to request your seat. Approval required, and seats are filling fast.**', '["Jason Pham — NVIDIA Inception Community Manager, Southeast Asia — the person who connects the region''s AI startups to the NVIDIA ecosystem"]', '["Must be registered for Agentic AI Build Week","Seats are prioritised for Builder or Founding Builder ticket holders","AABW Buildathon Devpost signup is recommended","Private event; approval required; limited seats"]', 'https://luma.com/gaf-t4bs', '[]', 'full', 'https://agenticaibuildweek.genaifund.ai/#daily_schedule', '/covers/day01-nvidia.png');
INSERT INTO sessions (id, title, day, day_number, day_theme, starts_at, ends_at, start_time_label, end_time_label, venue_id, partner, track, type, tone, description, speakers, requirements, registration_url, tags, quality_level, source_url, cover_image) VALUES ('day01-trae', 'TRAE in Your Professional Workflow', '2026-07-08', 1, 'Enable', 1783497600000, 1783501200000, '15:00', '16:00', 'tasco-office', 'TRAE', 'Enable', 'workshop', 'workshop', 'The builders pulling ahead right now aren''t working harder. They''ve rewired how they work. **TRAE** shows you how.

 **What you''ll take away**

- A practical look at folding agentic AI into the way you actually build, day to day

- Workflow moves you can use the same night during the hackathon

- A sharper edge in an AI era that rewards builders who adapt fast

 **Your speaker**

- **Rita Huang** — Product Operations Manager, TRAE

 **Event details**

- 📅 Tuesday, July 8, 2026

- 🕐 3:00 PM – 4:00 PM (Indochina Time, GMT+7)

- 📍 TBC, HCMC

- 🎟 Part of Agentic AI Build Week (July 8–12, 2026)

- ✅ Private event · approval required · limited seats

 **Before you apply:** You must be registered for Agentic AI Build Week — [👉 Register for Agentic AI Build Week](https://luma.com/gaf-hm61) if you haven''t yet. Seats are prioritised for Builder & Founding Builder ticket holders, so don''t forget to [🚀 Sign up for the AABW Buildathon on Devpost](https://agentic-ai-build-week-2026.devpost.com/?utm_source=luma).

 **👉 Apply now to request your seat. Approval required, and seats are filling fast.**', '["Rita Huang — Product Operations Manager, TRAE"]', '["Must be registered for Agentic AI Build Week","Seats are prioritised for Builder or Founding Builder ticket holders","AABW Buildathon Devpost signup is recommended","Private event; approval required; limited seats"]', 'https://luma.com/gaf-jpy4', '[]', 'full', 'https://agenticaibuildweek.genaifund.ai/#daily_schedule', '/covers/day01-trae.png');
INSERT INTO sessions (id, title, day, day_number, day_theme, starts_at, ends_at, start_time_label, end_time_label, venue_id, partner, track, type, tone, description, speakers, requirements, registration_url, tags, quality_level, source_url, cover_image) VALUES ('day02-aws', 'AWS', '2026-07-09', 2, 'Integrate', 1783562400000, 1783567800000, '09:00', '10:30', 'aws-office-bitexco-tower', 'AWS', 'Integrate', 'workshop', 'workshop', NULL, '[]', '[]', NULL, '[]', 'summary_only', 'https://agenticaibuildweek.genaifund.ai/#daily_schedule', NULL);
INSERT INTO sessions (id, title, day, day_number, day_theme, starts_at, ends_at, start_time_label, end_time_label, venue_id, partner, track, type, tone, description, speakers, requirements, registration_url, tags, quality_level, source_url, cover_image) VALUES ('day02-agora', 'Agora', '2026-07-09', 2, 'Integrate', 1783567800000, 1783573200000, '10:30', '12:00', 'aws-office-bitexco-tower', 'Agora', 'Integrate', 'workshop', 'workshop', NULL, '[]', '[]', NULL, '[]', 'summary_only', 'https://agenticaibuildweek.genaifund.ai/#daily_schedule', NULL);
INSERT INTO sessions (id, title, day, day_number, day_theme, starts_at, ends_at, start_time_label, end_time_label, venue_id, partner, track, type, tone, description, speakers, requirements, registration_url, tags, quality_level, source_url, cover_image) VALUES ('day02-lunch', 'Lunch', '2026-07-09', 2, 'Integrate', 1783573200000, NULL, '12:00', NULL, 'aws-office-bitexco-tower', NULL, 'Integrate', 'break', 'break', NULL, '[]', '[]', NULL, '[]', 'summary_only', 'https://agenticaibuildweek.genaifund.ai/#daily_schedule', NULL);
INSERT INTO sessions (id, title, day, day_number, day_theme, starts_at, ends_at, start_time_label, end_time_label, venue_id, partner, track, type, tone, description, speakers, requirements, registration_url, tags, quality_level, source_url, cover_image) VALUES ('day02-aws-1300', 'AWS', '2026-07-09', 2, 'Integrate', 1783576800000, 1783582200000, '13:00', '14:30', 'aws-office-bitexco-tower', 'AWS', 'Integrate', 'workshop', 'workshop', NULL, '[]', '[]', NULL, '[]', 'summary_only', 'https://agenticaibuildweek.genaifund.ai/#daily_schedule', NULL);
INSERT INTO sessions (id, title, day, day_number, day_theme, starts_at, ends_at, start_time_label, end_time_label, venue_id, partner, track, type, tone, description, speakers, requirements, registration_url, tags, quality_level, source_url, cover_image) VALUES ('day02-tiny-fish', 'Tiny Fish', '2026-07-09', 2, 'Integrate', 1783582200000, 1783587600000, '14:30', '16:00', 'aws-office-bitexco-tower', 'Tiny Fish', 'Integrate', 'workshop', 'workshop', NULL, '[]', '[]', NULL, '[]', 'summary_only', 'https://agenticaibuildweek.genaifund.ai/#daily_schedule', NULL);
INSERT INTO sessions (id, title, day, day_number, day_theme, starts_at, ends_at, start_time_label, end_time_label, venue_id, partner, track, type, tone, description, speakers, requirements, registration_url, tags, quality_level, source_url, cover_image) VALUES ('day02-aws-1630', 'AWS', '2026-07-09', 2, 'Integrate', 1783589400000, 1783594800000, '16:30', '18:00', 'aws-office-bitexco-tower', 'AWS', 'Integrate', 'workshop', 'workshop', NULL, '[]', '[]', NULL, '[]', 'summary_only', 'https://agenticaibuildweek.genaifund.ai/#daily_schedule', NULL);
INSERT INTO sessions (id, title, day, day_number, day_theme, starts_at, ends_at, start_time_label, end_time_label, venue_id, partner, track, type, tone, description, speakers, requirements, registration_url, tags, quality_level, source_url, cover_image) VALUES ('day02-ai-gaming-night', 'AI × Gaming Night', '2026-07-09', 2, 'Integrate', 1783594800000, NULL, '18:00', NULL, 'aws-office-bitexco-tower', NULL, 'Integrate', 'session', 'signature', NULL, '[]', '[]', NULL, '[]', 'summary_only', 'https://agenticaibuildweek.genaifund.ai/#daily_schedule', NULL);
INSERT INTO sessions (id, title, day, day_number, day_theme, starts_at, ends_at, start_time_label, end_time_label, venue_id, partner, track, type, tone, description, speakers, requirements, registration_url, tags, quality_level, source_url, cover_image) VALUES ('day03-registration-welcome', 'Registration & Welcome', '2026-07-10', 3, 'Design', 1783648800000, NULL, '09:00', NULL, 'vng-campus', NULL, 'Design', 'administrative', 'break', NULL, '[]', '[]', NULL, '[]', 'summary_only', 'https://agenticaibuildweek.genaifund.ai/#daily_schedule', NULL);
INSERT INTO sessions (id, title, day, day_number, day_theme, starts_at, ends_at, start_time_label, end_time_label, venue_id, partner, track, type, tone, description, speakers, requirements, registration_url, tags, quality_level, source_url, cover_image) VALUES ('day03-apify', 'Build, Deploy & Monetize AI Agents: The Future of the Developer Economy', '2026-07-10', 3, 'Design', 1783652400000, 1783659600000, '10:00', '12:00', 'vng-campus', 'Apify', 'Design', 'workshop', 'workshop', 'Building an AI agent is one thing. Getting it deployed, used, and **paying you** is another. This session is about the second part.

 **What you''ll take away**

- Repeatable patterns for turning agents into a real developer economy — build, deploy, monetize

- Practical, ship-it-this-week tactics (not theory)

- **$25 in Apify platform credits** for every registered builder, with top-ups at the Apify booth

 **Your speakers**

- **Saurav Jain** — Senior Developer Community Manager, Apify

- **Jakub Drobnik** — Engineering Team Lead, Apify

 **Event details**

- 📅 Thursday, July 10, 2026

- 🕐 10:00 AM – 12:00 PM (Indochina Time, GMT+7)

- 📍 VNG Group JSC, Ho Chi Minh

- 🎟 Part of Agentic AI Build Week (July 8–12, 2026)

- ✅ Private event · approval required · limited seats

 **Before you apply:** You must be registered for Agentic AI Build Week — [👉 Register for Agentic AI Build Week](https://luma.com/gaf-hm61) if you haven''t yet. Seats are prioritised for Builder & Founding Builder ticket holders, so don''t forget to [🚀 Sign up for the AABW Buildathon on Devpost](https://agentic-ai-build-week-2026.devpost.com/?utm_source=luma).

 **👉 Apply now to request your seat. Approval required, and seats are filling fast.**', '["Saurav Jain — Senior Developer Community Manager, Apify","Jakub Drobnik — Engineering Team Lead, Apify"]', '["Must be registered for Agentic AI Build Week","Seats are prioritised for Builder or Founding Builder ticket holders","AABW Buildathon Devpost signup is recommended","Private event; approval required; limited seats"]', 'https://luma.com/gaf-umu5', '[]', 'full', 'https://agenticaibuildweek.genaifund.ai/#daily_schedule', '/covers/day03-apify.png');
INSERT INTO sessions (id, title, day, day_number, day_theme, starts_at, ends_at, start_time_label, end_time_label, venue_id, partner, track, type, tone, description, speakers, requirements, registration_url, tags, quality_level, source_url, cover_image) VALUES ('day03-langfuse-clickhouse', 'Langfuse × ClickHouse', '2026-07-10', 3, 'Design', 1783659600000, 1783666800000, '12:00', '14:00', 'vng-campus', 'Langfuse × ClickHouse', 'Design', 'workshop', 'workshop', NULL, '[]', '[]', NULL, '[]', 'summary_only', 'https://agenticaibuildweek.genaifund.ai/#daily_schedule', NULL);
INSERT INTO sessions (id, title, day, day_number, day_theme, starts_at, ends_at, start_time_label, end_time_label, venue_id, partner, track, type, tone, description, speakers, requirements, registration_url, tags, quality_level, source_url, cover_image) VALUES ('day03-google-developer-experts', 'Beyond Autocomplete: How Agentic AI Solves the Enterprise Design Bottleneck', '2026-07-10', 3, 'Design', 1783666800000, 1783670400000, '14:00', '15:00', 'vng-campus', 'Google Developer Experts', 'Design', 'workshop', 'workshop', 'Most AI tools generate plausible pixels, not usable systems. **Linh Nguyen** shows you the difference — and why it matters for anyone building real products.

 **What you''ll take away**

- A demo-driven walkthrough of agentic AI that plans, executes, and self-corrects toward a result you can actually ship

- How Obello treats brand guidelines as executable constraints — using their real work as the example

- A new way to think about what AI systems should do for you

 **Your speaker**

- **Linh Nguyen** — Google Developer Expert (AI/ML) & Head of AI at Obello. The first woman in Vietnam named to Google''s Developer Expert program for AI, with 14 years in NLP & machine learning and a Master''s from the National University of Singapore.

 **Event details**

- 📅 Thursday, July 10, 2026

- 🕐 2:00 PM – 3:00 PM (Indochina Time, GMT+7)

- 📍 VNG Group JSC, Ho Chi Minh

- 🎟 Part of Agentic AI Build Week (July 8–12, 2026)

- ✅ Private event · approval required · limited seats

 **Before you apply:** You must be registered for Agentic AI Build Week — **[👉 Register for Agentic AI Build Week](https://luma.com/gaf-hm61)** if you haven''t yet. Seats are prioritised for Builder & Founding Builder ticket holders, so don''t forget to [🚀](https://agentic-ai-build-week-2026.devpost.com/?utm_source=luma) **[Sign up for the AABW Buildathon on Devpost](https://agentic-ai-build-week-2026.devpost.com/?utm_source=luma)** **.**

 **👉 Apply now to request your seat. Approval required, and seats are filling fast.**', '["Linh Nguyen — Google Developer Expert (AI/ML) & Head of AI at Obello. The first woman in Vietnam named to Google''s Developer Expert program for AI, with 14 years in NLP & machine learning and a Master''s from the National University of Singapore."]', '["Must be registered for Agentic AI Build Week","Seats are prioritised for Builder or Founding Builder ticket holders","AABW Buildathon Devpost signup is recommended","Private event; approval required; limited seats"]', 'https://luma.com/gaf-idob', '[]', 'full', 'https://agenticaibuildweek.genaifund.ai/#daily_schedule', '/covers/day03-google-developer-experts.png');
INSERT INTO sessions (id, title, day, day_number, day_theme, starts_at, ends_at, start_time_label, end_time_label, venue_id, partner, track, type, tone, description, speakers, requirements, registration_url, tags, quality_level, source_url, cover_image) VALUES ('day03-tencent-cloud', 'Tencent Cloud', '2026-07-10', 3, 'Design', 1783670400000, 1783677600000, '15:00', '17:00', 'vng-campus', 'Tencent Cloud', 'Design', 'workshop', 'workshop', NULL, '[]', '[]', NULL, '[]', 'summary_only', 'https://agenticaibuildweek.genaifund.ai/#daily_schedule', NULL);
INSERT INTO sessions (id, title, day, day_number, day_theme, starts_at, ends_at, start_time_label, end_time_label, venue_id, partner, track, type, tone, description, speakers, requirements, registration_url, tags, quality_level, source_url, cover_image) VALUES ('day03-builder-night', 'Builder Night', '2026-07-10', 3, 'Design', 1783681200000, NULL, '18:00', NULL, 'vng-campus', NULL, 'Design', 'session', 'signature', NULL, '[]', '[]', NULL, '[]', 'summary_only', 'https://agenticaibuildweek.genaifund.ai/#daily_schedule', NULL);
INSERT INTO sessions (id, title, day, day_number, day_theme, starts_at, ends_at, start_time_label, end_time_label, venue_id, partner, track, type, tone, description, speakers, requirements, registration_url, tags, quality_level, source_url, cover_image) VALUES ('day04-opening-ceremony-keynotes', 'Opening Ceremony + Keynotes', '2026-07-11', 4, 'Build', 1783735200000, NULL, '09:00', NULL, 'galaxy-innovation-park', NULL, 'Build', 'keynote', 'signature', NULL, '[]', '[]', NULL, '[]', 'summary_only', 'https://agenticaibuildweek.genaifund.ai/#daily_schedule', NULL);
INSERT INTO sessions (id, title, day, day_number, day_theme, starts_at, ends_at, start_time_label, end_time_label, venue_id, partner, track, type, tone, description, speakers, requirements, registration_url, tags, quality_level, source_url, cover_image) VALUES ('day04-lunch', 'Lunch', '2026-07-11', 4, 'Build', 1783746000000, NULL, '12:00', NULL, 'galaxy-innovation-park', NULL, 'Build', 'break', 'break', NULL, '[]', '[]', NULL, '[]', 'summary_only', 'https://agenticaibuildweek.genaifund.ai/#daily_schedule', NULL);
INSERT INTO sessions (id, title, day, day_number, day_theme, starts_at, ends_at, start_time_label, end_time_label, venue_id, partner, track, type, tone, description, speakers, requirements, registration_url, tags, quality_level, source_url, cover_image) VALUES ('day04-on-site-build-sprint', 'On-site Build Sprint', '2026-07-11', 4, 'Build', 1783749600000, NULL, '13:00', NULL, 'galaxy-innovation-park', NULL, 'Build', 'workshop', 'workshop', NULL, '[]', '[]', NULL, '[]', 'summary_only', 'https://agenticaibuildweek.genaifund.ai/#daily_schedule', NULL);
INSERT INTO sessions (id, title, day, day_number, day_theme, starts_at, ends_at, start_time_label, end_time_label, venue_id, partner, track, type, tone, description, speakers, requirements, registration_url, tags, quality_level, source_url, cover_image) VALUES ('day04-expert-parade', 'Expert Parade', '2026-07-11', 4, 'Build', 1783760400000, NULL, '16:00', NULL, 'galaxy-innovation-park', NULL, 'Build', 'workshop', 'workshop', NULL, '[]', '[]', NULL, '[]', 'summary_only', 'https://agenticaibuildweek.genaifund.ai/#daily_schedule', NULL);
INSERT INTO sessions (id, title, day, day_number, day_theme, starts_at, ends_at, start_time_label, end_time_label, venue_id, partner, track, type, tone, description, speakers, requirements, registration_url, tags, quality_level, source_url, cover_image) VALUES ('day04-networking-night', 'Networking Night', '2026-07-11', 4, 'Build', 1783767600000, NULL, '18:00', NULL, 'galaxy-innovation-park', NULL, 'Build', 'networking', 'signature', '## NOT EVERY GREAT CONVERSATION FITS INTO A THEME.

Across Agentic AI Build Week, we ran private networking events for visual AI, gaming, and robotics. This is the one where everything — and everyone — comes together.

The AABW Builder Networking Night is an invitation-only closing event, curated for the most engaged builders, investors, and industry leaders from the entire week.

* * *

## 👋 WHAT THIS IS

A private, by-application evening gathering for a select group of practitioners from across the AI ecosystem. No agenda. No panels. No pitches.

Just the kind of genuine, unhurried conversation that happens when the right people are finally in the same room — with nowhere else to be.

* * *

## 🌐 WHO''S IN THE ROOM

- Founders and builders from across the AI stack

- Investors and VCs active in the Southeast Asia and global AI ecosystem

- Corporate and brand leaders at the frontier of AI adoption

- Industry players who shaped what this week became

* * *

## 💡 HOW IT WORKS

Attendance is by application and personal review. We curate every room we run — and this one is no different. Every person here was selected because they make the room better for everyone else in it.

Part of Agentic AI Build Week — Ho Chi Minh City, 8–12 July 2026.

📅 11 July 2026

⏰ 6:00 PM – 8:00 PM

📍 Ho Chi Minh City

Close the week right. Apply to attend 👉 [**HERE**](https://luma.com/fojg38pi)

* * *

## ONE REQUIREMENT

To be eligible for this networking event, you must be registered for Agentic AI Build Week. Register for the main event 👉 [**HERE**](https://luma.com/t6n0irct?utm_source=luma_networkingevent)', '[]', '["Must be registered for Agentic AI Build Week","Private event; approval required; limited seats"]', 'https://luma.com/gaf-u7gd', '[]', 'full', 'https://agenticaibuildweek.genaifund.ai/#daily_schedule', '/covers/day04-networking-night.png');
INSERT INTO sessions (id, title, day, day_number, day_theme, starts_at, ends_at, start_time_label, end_time_label, venue_id, partner, track, type, tone, description, speakers, requirements, registration_url, tags, quality_level, source_url, cover_image) VALUES ('day04-late-night-build', 'Late Night Build', '2026-07-11', 4, 'Build', 1783774800000, NULL, '20:00', NULL, 'galaxy-innovation-park', NULL, 'Build', 'workshop', 'workshop', NULL, '[]', '[]', NULL, '[]', 'summary_only', 'https://agenticaibuildweek.genaifund.ai/#daily_schedule', NULL);
INSERT INTO sessions (id, title, day, day_number, day_theme, starts_at, ends_at, start_time_label, end_time_label, venue_id, partner, track, type, tone, description, speakers, requirements, registration_url, tags, quality_level, source_url, cover_image) VALUES ('day05-submission-deadline', 'Submission Deadline', '2026-07-12', 5, 'Demo', 1783821600000, NULL, '09:00', NULL, 'galaxy-innovation-park', NULL, 'Demo', 'session', 'signature', NULL, '[]', '[]', NULL, '[]', 'summary_only', 'https://agenticaibuildweek.genaifund.ai/#daily_schedule', NULL);
INSERT INTO sessions (id, title, day, day_number, day_theme, starts_at, ends_at, start_time_label, end_time_label, venue_id, partner, track, type, tone, description, speakers, requirements, registration_url, tags, quality_level, source_url, cover_image) VALUES ('day05-demo-pitches', 'Demo Pitches', '2026-07-12', 5, 'Demo', 1783825200000, NULL, '10:00', NULL, 'galaxy-innovation-park', NULL, 'Demo', 'workshop', 'workshop', NULL, '[]', '[]', NULL, '[]', 'summary_only', 'https://agenticaibuildweek.genaifund.ai/#daily_schedule', NULL);
INSERT INTO sessions (id, title, day, day_number, day_theme, starts_at, ends_at, start_time_label, end_time_label, venue_id, partner, track, type, tone, description, speakers, requirements, registration_url, tags, quality_level, source_url, cover_image) VALUES ('day05-lunch', 'Lunch', '2026-07-12', 5, 'Demo', 1783832400000, NULL, '12:00', NULL, 'galaxy-innovation-park', NULL, 'Demo', 'break', 'break', NULL, '[]', '[]', NULL, '[]', 'summary_only', 'https://agenticaibuildweek.genaifund.ai/#daily_schedule', NULL);
INSERT INTO sessions (id, title, day, day_number, day_theme, starts_at, ends_at, start_time_label, end_time_label, venue_id, partner, track, type, tone, description, speakers, requirements, registration_url, tags, quality_level, source_url, cover_image) VALUES ('day05-awards-ceremony', 'Awards Ceremony', '2026-07-12', 5, 'Demo', 1783846800000, NULL, '16:00', NULL, 'galaxy-innovation-park', NULL, 'Demo', 'keynote', 'signature', NULL, '[]', '[]', NULL, '[]', 'summary_only', 'https://agenticaibuildweek.genaifund.ai/#daily_schedule', NULL);
INSERT INTO sessions (id, title, day, day_number, day_theme, starts_at, ends_at, start_time_label, end_time_label, venue_id, partner, track, type, tone, description, speakers, requirements, registration_url, tags, quality_level, source_url, cover_image) VALUES ('day05-networking-night', 'Networking Night', '2026-07-12', 5, 'Demo', 1783854000000, NULL, '18:00', NULL, 'galaxy-innovation-park', NULL, 'Demo', 'networking', 'signature', NULL, '[]', '[]', NULL, '[]', 'summary_only', 'https://agenticaibuildweek.genaifund.ai/#daily_schedule', NULL);

DELETE FROM perks;
INSERT INTO perks (id, title, provider, value, how_to_claim, eligibility, link, expires_at, source_url) VALUES ('byteplus-v-start-global-accelerator', 'BytePlus V-START Global Accelerator', 'BytePlus', 'Up to $15,000 in AI & cloud credits', 'Qualifying startups get a path into the V-START Global Accelerator via the BytePlus workshop on Day 01.', 'Qualifying startups (apply via the BytePlus session)', 'https://luma.com/gaf-vbkf', NULL, 'https://luma.com/gaf-vbkf');
INSERT INTO perks (id, title, provider, value, how_to_claim, eligibility, link, expires_at, source_url) VALUES ('builder-experience-track', 'Builder Experience Track Prize', 'AABW / GenAI Fund', '$900 + AABW tee — winner deployed live to thousands', 'Ship an AI tool that improves the builder experience and submit it on Devpost (first come, first served, 60 teams).', 'Solo or small team; AI tool for builders (not a chatbot wrapper)', 'https://agentic-ai-build-week-2026.devpost.com/', NULL, 'https://agenticaibuildweek.genaifund.ai/builder-experience-track');
INSERT INTO perks (id, title, provider, value, how_to_claim, eligibility, link, expires_at, source_url) VALUES ('nvidia-inception-program', 'NVIDIA Inception Program', 'NVIDIA', 'Free NVIDIA DLI course for every participant + Inception startup benefits (compute, capital, connections)', 'Attend the NVIDIA Inception workshop on Day 01 to learn how to join the program.', 'AI startups', 'https://luma.com/gaf-t4bs', NULL, 'https://luma.com/gaf-t4bs');
INSERT INTO perks (id, title, provider, value, how_to_claim, eligibility, link, expires_at, source_url) VALUES ('apify-platform-credits', 'Apify Platform Credits', 'Apify', '$25 in Apify platform credits (with top-ups at the Apify booth)', 'Register for the Apify workshop on Day 03; credits are granted to every registered builder.', 'Every registered builder', 'https://luma.com/gaf-umu5', NULL, 'https://luma.com/gaf-umu5');

DELETE FROM deadlines;
INSERT INTO deadlines (id, title, due_at, type, link, source_url) VALUES ('submission-deadline', 'Hackathon Submission Deadline', 1783821600000, 'submission', 'https://agentic-ai-build-week-2026.devpost.com/', 'https://agenticaibuildweek.genaifund.ai/#daily_schedule');
INSERT INTO deadlines (id, title, due_at, type, link, source_url) VALUES ('main-event-registration', 'Register for Agentic AI Build Week', NULL, 'rsvp', 'https://luma.com/gaf-hm61?utm_source=landing_page', 'https://luma.com/gaf-hm61?utm_source=landing_page');
